source_id,source_class,rgb,pixel_count,pixel_percent,image_presence_count,train_presence_count,valid_presence_count,mask_count
0,background_or_unlabelled,"255,255,255",19106930,3.187717193329905,1076,931,145,1076
1,high_vegetation,"40,80,0",212172162,35.39788175041087,1067,923,144,1076
2,traversable_grass,"128,255,0",81856075,13.656511938652741,745,642,103,1076
3,smooth_trail,"178,176,153",89257554,14.891342540134518,634,549,85,1076
4,obstacle,"255,0,0",6015464,1.00359388026528,206,164,42,1076
5,sky,"1,88,255",61174038,10.206010736314886,983,844,139,1076
6,rough_trail,"156,76,30",91294410,15.231162746286799,603,520,83,1076
7,puddle,"255,0,128",1064853,0.1776554483880419,44,42,2,1076
8,non_traversable_low_vegetation,"0,160,0",37450770,6.24812376621696,424,355,69,1076
